{
    "train_loss": [
        1.4569585622505334,
        0.8987109652000401,
        0.789456441898531,
        0.6813112011399166,
        0.644275142264567,
        0.5728085767156101,
        0.5492386910397162,
        0.49952931790816657,
        0.4331539314943594,
        0.42128185884697694,
        0.35513818235510985,
        0.3235163336120779,
        0.32523332436057184,
        0.29290691417907366,
        0.2793153202897798,
        0.26610147816930363,
        0.246059396788127,
        0.24476879088901088,
        0.23615606562785385,
        0.22407444835398188,
        0.19170978212596448,
        0.1882728530912507,
        0.1854633735074149,
        0.17078637703030394,
        0.16705323576893158,
        0.16170591581891944,
        0.17020155956235783,
        0.16882228140605063,
        0.14713811245763525,
        0.14085398745299474
    ],
    "train_acc": [
        52.547452547452544,
        66.63336663336663,
        69.44484087341229,
        71.92807192807193,
        72.88425859854432,
        74.49693163978878,
        75.43884686741829,
        76.55201940916227,
        78.33594976452119,
        79.0352504638219,
        81.23305266162409,
        82.46039674611103,
        82.41758241758241,
        83.88754103039817,
        84.51548451548452,
        85.35749964321393,
        84.88654202939917,
        85.84272869987156,
        85.7713714856572,
        86.65620094191523,
        88.09761666904524,
        88.12615955473098,
        88.73983159697445,
        89.28214642500356,
        89.58184672470387,
        89.92436135293278,
        89.29641786784643,
        90.0670757813615,
        90.29541886684743,
        90.88054802340515
    ],
    "val_loss": [
        1.1625952947650806,
        1.0037550448420516,
        0.9526251626989302,
        0.982966538916081,
        0.7812656811916697,
        0.8623032809967771,
        0.6724379555891423,
        0.7622571808034377,
        0.7268303762285683,
        0.6926885866453261,
        0.7040097945827549,
        0.6617352904256059,
        0.6242341165052929,
        0.6750110342638086,
        0.6402706821204895,
        0.6548941414710413,
        0.7180008764637789,
        0.7458702330575032,
        0.7007170510910088,
        0.6293423985198868,
        0.6262023806690813,
        0.6326958242346972,
        0.6584127548922333,
        0.5833885031469085,
        0.6211922420699479,
        0.6732321419601782,
        0.6032476585622085,
        0.6567343097859817,
        0.5829321160867944,
        0.6279018099975966
    ],
    "val_acc": [
        62.91126620139581,
        64.50648055832502,
        69.99002991026919,
        70.48853439680957,
        63.40977068793619,
        73.77866400797608,
        74.8753738783649,
        72.18344965104684,
        74.17746759720836,
        68.89332003988035,
        79.06281156530409,
        80.85742771684946,
        76.37088733798603,
        74.4765702891326,
        78.86340977068794,
        79.3619142572283,
        77.06879361914257,
        79.66101694915254,
        80.25922233300099,
        80.55832502492521,
        78.86340977068794,
        81.25623130608174,
        81.15653040877368,
        79.76071784646062,
        80.55832502492521,
        80.65802592223329,
        80.75772681954136,
        81.65503489531405,
        81.4556331006979,
        81.55533399800598
    ],
    "epoch_time": [
        274.6755750179291,
        311.24619030952454,
        315.8584268093109,
        323.97351813316345,
        328.6376669406891,
        355.6374406814575,
        344.66282296180725,
        343.60676550865173,
        343.9718141555786,
        351.9627163410187,
        354.91445565223694,
        348.5302789211273,
        344.39602065086365,
        341.4937517642975,
        325.8364849090576,
        311.7262568473816,
        309.6334664821625,
        305.89462876319885,
        301.0282440185547,
        305.2549295425415,
        297.60405015945435,
        297.08586621284485,
        296.7001190185547,
        295.5641281604767,
        295.16653537750244,
        293.4017901420593,
        293.06107544898987,
        290.63948941230774,
        290.7781255245209,
        286.95203924179077
    ]
}